Item Name,Item Variation,SKU,Category,Items Sold,Gross Sales,Items Refunded,Refunds,Discounts & Comps,Net Sales,Tax,Unit,Units Sold,Units Refunded
Custom Amount,No description,"",Uncategorized,2,$153.33,0,$0.00,-$13.33,$140.00,$7.00,ea,2,0
Mouthpiece Protectors,Regular,BP-M-MPProt,Bagpipe Maintenance,1,$3.81,0,$0.00,$0.00,$3.81,$0.19,ea,1,0
Belt Buckle Stag Head in Celtic Knot (Brass),Regular,buckle-stag-knot-b,Belts,1,$57.14,0,$0.00,$0.00,$57.14,$2.86,ea,1,0
"Kilt Belt 34""",Regular,U-KB-34,Belts,1,$57.14,0,$0.00,$0.00,$57.14,$2.85,ea,1,0
Brooch ? Piper - Comical,Regular,Brooch-Piper-Comical,Brooch (jewelry),1,$19.05,0,$0.00,$0.00,$19.05,$0.95,ea,1,0
brooch ? Cross-Trinity,Regular,brooch-Cross-Trinity,Brooch (jewelry),1,$19.05,0,$0.00,$0.00,$19.05,$0.95,ea,1,0
KP2 Drum Sticks (Black),Regular,D-S-KP2-Black,Drum Sticks and Mallets,1,$35.00,0,$0.00,$0.00,$35.00,$1.75,ea,1,0
Vic Firth Stick Bag,Regular,MSBAG,Drum Sticks and Mallets,1,$28.57,0,$0.00,$0.00,$28.57,$1.43,ea,1,0
"Musical Teddy Bear 5""",Regular,tedbear-music-5,Giftware,1,$13.33,0,$0.00,$0.00,$13.33,$0.67,ea,1,0
Bagpipe Cap Badge,Regular,badge-bagpipe,Headwear,1,$19.05,0,$0.00,$0.00,$19.05,$0.95,ea,1,0
Dress Gordon Tartan Tammy Hat,Regular,hat-wool-tammy-dgord,Headwear,1,$20.95,0,$0.00,$0.00,$20.95,$1.05,ea,1,0
Thistle Cap Badge w/ Belt,Regular,badge-belt-thistle,Headwear,1,$19.05,0,$0.00,$0.00,$19.05,$0.95,ea,1,0
Round Dance Broach with Pink Stone,Regular,broach-d-ths-stn-pnk,Highland Dance,1,$23.81,0,$0.00,$0.00,$23.81,$1.19,ea,1,0
Fraser Sport Kilt Size 34 5 Yard 10oz 70% wool,Regular,Sportkilt-FRA-34,Kilt,1,$152.38,0,$0.00,-$7.92,$144.46,$7.22,ea,1,0
Bubble Top Hose Green Large,Regular,U-HT-G-L,Kilt Hose,2,$60.00,-1,-$30.00,$0.00,$30.00,$1.50,ea,2,-1
Bubble Top Hose Lovat Blue Medium,Regular,U-HT-BL-M,Kilt Hose,1,$30.00,0,$0.00,$0.00,$30.00,$1.50,ea,1,0
Bubble Top Hose Off White Large,Regular,U-HT-OW-L,Kilt Hose,1,$30.00,0,$0.00,$0.00,$30.00,$1.50,ea,1,0
Hose Flashes,Regular,U-FLSH,Kilt Hose,1,$19.05,0,$0.00,$0.00,$19.05,$0.95,ea,1,0
Canadian Flag and Bagpipes Lapel Pin,Regular,LP-cdn-bagpipe,Lapel Pins,1,$4.76,0,$0.00,$0.00,$4.76,$0.24,ea,1,0
Lapel Pin - Clutch,Regular,LapelPin-Clutch,Lapel Pins,1,$7.62,0,$0.00,$0.00,$7.62,$0.38,ea,1,0
BOB WORRALL BOOK THREE,Regular,BM-B-BW3,Music Books,1,$25.00,0,$0.00,$0.00,$25.00,$1.25,ea,1,0
Scots Guards Volume One,Regular,BM-SG1,Music Books,1,$76.19,0,$0.00,$0.00,$76.19,$3.81,ea,1,0
St. Lawrence O&#039;Toole - Evolution,Regular,BM-SLOT,Music CD's & DVD's,1,$19.05,0,$0.00,$0.00,$19.05,$0.95,ea,1,0
Toronto Police Pipe Band Live,Regular,BM-TORP-L,Music CD's & DVD's,1,$19.05,0,$0.00,$0.00,$19.05,$0.95,ea,1,0
BAGPIPE & SHIELD MUSICAL MAGNET,Regular,magnet-shield-mus,Novelty,2,$19.04,0,$0.00,$0.00,$19.04,$0.96,ea,2,0
Clan Pins,Regular,N-CP-ClanPins,Novelty,2,$15.24,0,$0.00,$0.00,$15.24,$0.76,ea,2,0
Drummer Key Chain,Regular,N-Key-DR,Novelty,1,$7.62,0,$0.00,$0.00,$7.62,$0.38,ea,1,0
PIPER FIGURINE,Regular,piper-figurine,Novelty,1,$15.24,0,$0.00,$0.00,$15.24,$0.77,ea,1,0
TARTAN TOT FLEECE HOODIE - Royal Stuart Size 4,Regular,tot-hoodie-rs-4,Novelty,1,$28.57,0,$0.00,$0.00,$28.57,$1.43,ea,1,0
Tartan Flat Cap (Toddler) - Black Watch,Regular,flat-cap-BW,Novelty,1,$20.00,0,$0.00,$0.00,$20.00,$1.00,ea,1,0
Tartan Purse Royal Stewart,Regular,Purse-Kilt-RS,Novelty,1,$40.00,0,$0.00,-$2.08,$37.92,$1.90,ea,1,0
Inverness Cape - Bandspec Extra Large,Regular,U-CAPEB-XL,Outerwear,2,$323.80,0,$0.00,-$32.38,$291.42,$14.57,ea,2,0
Inverness Cape - Bandspec Large,Regular,U-CAPEB-L,Outerwear,2,$323.80,0,$0.00,-$32.38,$291.42,$14.57,ea,2,0
Inverness Cape - Bandspec Medium,Regular,U-CAPEB-M,Outerwear,2,$323.80,0,$0.00,-$32.38,$291.42,$14.57,ea,2,0
Inverness Cape - Bandspec Small,Regular,U-CAPEB-S,Outerwear,3,$485.70,0,$0.00,-$48.58,$437.12,$21.86,ea,3,0
Inverness Cape - Dancer XS BLACK,Regular,HD-CAPE-BLACK-XS,Outerwear,1,$119.05,0,$0.00,-$11.90,$107.15,$5.36,ea,1,0
Pendant - Protection Cross,Regular,PEN-Cross-Protection,Pendant,1,$19.05,0,$0.00,$0.00,$19.05,$0.95,ea,1,0
Pendant - Protection Knot,Regular,PEN-Knot-Protection,Pendant,1,$19.05,0,$0.00,$0.00,$19.05,$0.95,ea,1,0
Pendant Highland Cross,Regular,PEN-Cross-Highland,Pendant,1,$19.05,0,$0.00,$0.00,$19.05,$0.95,ea,1,0
Reed - Red (Warnock),Regular,pc-reed-red,Practice Chanter Reed,1,$15.23,0,$0.00,$0.00,$15.23,$0.76,ea,1,0
Selbie Synthetic Drone Reeds - Set,Regular,BR-Selbie,Reeds - Drone,1,$133.33,0,$0.00,-$13.33,$120.00,$6.00,ea,1,0
"Jacobite Ghillie Shirt 54"" Chest Royal Blue",Regular,U-GS-RB-54,Scottish Dress,2,$140.00,-1,-$70.00,$0.00,$70.00,$3.50,ea,2,-1
Kiltpin - Stag Head,Regular,Kiltpin-StagHead,kiltpin,1,$19.05,0,$0.00,$0.00,$19.05,$0.95,ea,1,0
